"HostName","TaskName","Next Run Time","Status","Logon Mode","Last Run Time","Last Result","Author","Task To Run","Start In","Comment","Scheduled Task State","Idle Time","Power Management","Run As User","Delete Task If Not Rescheduled","Stop Task If Runs X Hours and X Mins","Schedule","Schedule Type","Start Time","Start Date","End Date","Days","Months","Repeat: Every","Repeat: Until: Time","Repeat: Until: Duration","Repeat: Stop If Still Running"
"RENDERMAN","\Sphinx Re-Index","Disabled","","Interactive only","20/12/2012 08:00:00","0","RENDERMAN\Administrator","I:\spider\sphinx_fullindex.bat ","N/A","N/A","Disabled","Disabled","Stop On Battery Mode, No Start On Batteries","RENDERMAN\Administrator","Disabled","72:00:00","Scheduling data is not available in this format.","Weekly","08:00:00","1/6/2012","N/A","Every day of the week","Every 1 week(s)","Disabled","Disabled","Disabled","Disabled"
"RENDERMAN","\warroom_fetch_bot_all_web_1","2/1/2013 04:40:05","Running","Interactive/Background","1/1/2013 22:40:05","267009","RENDERMAN\itteam","C:\Script\warroom_fetch_bot_all_web_1.bat ","N/A","N/A","Enabled","Disabled","Stop On Battery Mode, No Start On Batteries","RENDERMAN\taskbot","Enabled","72:00:00","Scheduling data is not available in this format.","One Time Only, Hourly ","22:40:05","26/12/2012","N/A","N/A","N/A","6 Hour(s), 0 Minute(s)","None","Disabled","Disabled"
"RENDERMAN","\warroom_fetch_bot_all_web_2","2/1/2013 01:30:05","Could not start","Interactive/Background","1/1/2013 19:30:05","-2147023651","RENDERMAN\itteam","C:\Script\warroom_fetch_bot_all_web_2.bat ","N/A","N/A","Enabled","Disabled","Stop On Battery Mode, No Start On Batteries","RENDERMAN\taskbot","Enabled","72:00:00","Scheduling data is not available in this format.","One Time Only, Hourly ","01:30:05","27/12/2012","N/A","N/A","N/A","6 Hour(s), 0 Minute(s)","None","Disabled","Disabled"
"RENDERMAN","\warroom_fetch_bot_Pantip_Cafe_1","2/1/2013 02:00:55","Could not start","Interactive/Background","1/1/2013 20:00:55","-2147023651","RENDERMAN\itteam","C:\Script\warroom_fetch_bot_Pantip_Cafe_1.bat ","N/A","N/A","Enabled","Disabled","Stop On Battery Mode, No Start On Batteries","RENDERMAN\taskbot","Enabled","72:00:00","Scheduling data is not available in this format.","One Time Only, Hourly ","20:00:55","21/12/2012","N/A","N/A","N/A","6 Hour(s), 0 Minute(s)","None","Disabled","Disabled"
"RENDERMAN","\warroom_fetch_bot_Pantip_Cafe_2","1/1/2013 23:00:00","Could not start","Interactive only","1/1/2013 17:00:00","-2147023651","RENDERMAN\itteam","C:\Script\warroom_fetch_bot_Pantip_Cafe_2.bat ","N/A","N/A","Enabled","Disabled","Stop On Battery Mode, No Start On Batteries","RENDERMAN\itteam","Enabled","72:00:00","Scheduling data is not available in this format.","One Time Only, Hourly ","23:00:00","21/12/2012","N/A","N/A","N/A","6 Hour(s), 0 Minute(s)","None","Disabled","Disabled"
"RENDERMAN","\warroom_fetch_bot_Pantip_Cafe_3","1/1/2013 23:00:00","Could not start","Interactive only","1/1/2013 17:00:00","-2147023651","RENDERMAN\itteam","C:\Script\warroom_fetch_bot_Pantip_Cafe_3.bat ","N/A","N/A","Enabled","Disabled","Stop On Battery Mode, No Start On Batteries","RENDERMAN\itteam","Enabled","72:00:00","Scheduling data is not available in this format.","One Time Only, Hourly ","23:00:00","21/12/2012","N/A","N/A","N/A","6 Hour(s), 0 Minute(s)","None","Disabled","Disabled"
"RENDERMAN","\warroom_fetch_bot_Pantip_Cafe_4","2/1/2013 00:00:10","Could not start","Interactive only","1/1/2013 18:00:10","-2147023651","RENDERMAN\itteam","C:\Script\warroom_fetch_bot_Pantip_Cafe_4.bat ","N/A","N/A","Enabled","Disabled","Stop On Battery Mode, No Start On Batteries","RENDERMAN\itteam","Enabled","72:00:00","Scheduling data is not available in this format.","One Time Only, Hourly ","00:00:10","21/12/2012","N/A","N/A","N/A","6 Hour(s), 0 Minute(s)","None","Disabled","Disabled"
"RENDERMAN","\warroom_fetch_bot_Pantip_Tech","2/1/2013 01:00:05","Could not start","Interactive only","1/1/2013 19:00:05","-2147023651","RENDERMAN\itteam","C:\Script\warroom_fetch_bot_Pantip_Tech.bat ","N/A","N/A","Enabled","Disabled","Stop On Battery Mode, No Start On Batteries","RENDERMAN\itteam","Enabled","72:00:00","Scheduling data is not available in this format.","One Time Only, Hourly ","01:00:05","21/12/2012","N/A","N/A","N/A","6 Hour(s), 0 Minute(s)","None","Disabled","Disabled"
"RENDERMAN","\warroom_fetch_bot_Tech1","1/1/2013 22:47:49","Could not start","Interactive only","1/1/2013 22:17:48","-2147023651","RENDERMAN\itteam","C:\Script\warroom_fetch_bot_Tech1.bat ","N/A","N/A","Enabled","Disabled","Stop On Battery Mode, No Start On Batteries","RENDERMAN\itteam","Enabled","72:00:00","Scheduling data is not available in this format.","One Time Only, Minute ","N/A","N/A","N/A","N/A","N/A","0 Hour(s), 30 Minute(s)","None","Disabled","Disabled"
"RENDERMAN","\warroom_fetch_daily_Pantip_Cafe_id_10","1/1/2013 23:10:16","Could not start","Interactive only","1/1/2013 22:40:16","-2147023651","RENDERMAN\itteam","C:\Script\warroom_fetch_daily_Pantip_Cafe_id_10.bat ","N/A","N/A","Enabled","Disabled","Stop On Battery Mode, No Start On Batteries","RENDERMAN\itteam","Enabled","72:00:00","Scheduling data is not available in this format.","One Time Only, Minute ","20:10:16","21/12/2012","N/A","N/A","N/A","0 Hour(s), 30 Minute(s)","None","Disabled","Disabled"
"RENDERMAN","\warroom_fetch_daily_Pantip_Cafe_id_11","1/1/2013 22:45:29","Could not start","Interactive only","1/1/2013 21:45:29","-2147023651","RENDERMAN\itteam","C:\Script\warroom_fetch_daily_Pantip_Cafe_id_11.bat ","N/A","N/A","Enabled","Disabled","Stop On Battery Mode, No Start On Batteries","RENDERMAN\itteam","Enabled","72:00:00","Scheduling data is not available in this format.","One Time Only, Minute ","20:15:29","21/12/2012","N/A","N/A","N/A","0 Hour(s), 30 Minute(s)","None","Disabled","Disabled"
"RENDERMAN","\warroom_fetch_daily_Pantip_Cafe_id_12","1/1/2013 22:50:50","Could not start","Interactive only","1/1/2013 22:20:50","-2147023651","RENDERMAN\itteam","C:\Script\warroom_fetch_daily_Pantip_Cafe_id_12.bat ","N/A","N/A","Enabled","Disabled","Stop On Battery Mode, No Start On Batteries","RENDERMAN\itteam","Enabled","72:00:00","Scheduling data is not available in this format.","One Time Only, Minute ","20:20:50","21/12/2012","N/A","N/A","N/A","0 Hour(s), 30 Minute(s)","None","Disabled","Disabled"
"RENDERMAN","\warroom_fetch_daily_Pantip_Cafe_id_13","1/1/2013 22:55:37","Could not start","Interactive only","1/1/2013 22:25:36","-2147023651","RENDERMAN\itteam","C:\Script\warroom_fetch_daily_Pantip_Cafe_id_13.bat ","N/A","N/A","Enabled","Disabled","Stop On Battery Mode, No Start On Batteries","RENDERMAN\itteam","Enabled","72:00:00","Scheduling data is not available in this format.","One Time Only, Minute ","20:25:37","21/12/2012","N/A","N/A","N/A","0 Hour(s), 30 Minute(s)","None","Disabled","Disabled"
"RENDERMAN","\warroom_fetch_daily_Pantip_Cafe_id_14","1/1/2013 23:00:21","Could not start","Interactive only","1/1/2013 22:30:21","-2147023651","RENDERMAN\itteam","C:\Script\warroom_fetch_daily_Pantip_Cafe_id_14.bat ","N/A","N/A","Enabled","Disabled","Stop On Battery Mode, No Start On Batteries","RENDERMAN\itteam","Enabled","72:00:00","Scheduling data is not available in this format.","One Time Only, Minute ","20:30:21","21/12/2012","N/A","N/A","N/A","0 Hour(s), 30 Minute(s)","None","Disabled","Disabled"
"RENDERMAN","\warroom_fetch_daily_Pantip_Cafe_id_15","1/1/2013 23:05:20","Could not start","Interactive only","1/1/2013 22:35:20","-2147023651","RENDERMAN\itteam","C:\Script\warroom_fetch_daily_Pantip_Cafe_id_15.bat ","N/A","N/A","Enabled","Disabled","Stop On Battery Mode, No Start On Batteries","RENDERMAN\itteam","Enabled","72:00:00","Scheduling data is not available in this format.","One Time Only, Minute ","20:35:20","21/12/2012","N/A","N/A","N/A","0 Hour(s), 30 Minute(s)","None","Disabled","Disabled"
"RENDERMAN","\warroom_fetch_daily_Pantip_Cafe_id_16","1/1/2013 23:10:08","Could not start","Interactive only","1/1/2013 22:40:08","-2147023651","RENDERMAN\itteam","C:\Script\warroom_fetch_daily_Pantip_Cafe_id_16.bat ","N/A","N/A","Enabled","Disabled","Stop On Battery Mode, No Start On Batteries","RENDERMAN\itteam","Enabled","72:00:00","Scheduling data is not available in this format.","One Time Only, Minute ","20:40:08","21/12/2012","N/A","N/A","N/A","0 Hour(s), 30 Minute(s)","None","Disabled","Disabled"
"RENDERMAN","\warroom_fetch_daily_Pantip_Cafe_id_17","1/1/2013 22:45:58","Could not start","Interactive only","1/1/2013 22:15:58","-2147023651","RENDERMAN\itteam","C:\Script\warroom_fetch_daily_Pantip_Cafe_id_17.bat ","N/A","N/A","Enabled","Disabled","Stop On Battery Mode, No Start On Batteries","RENDERMAN\itteam","Enabled","72:00:00","Scheduling data is not available in this format.","One Time Only, Minute ","20:45:58","21/12/2012","N/A","N/A","N/A","0 Hour(s), 30 Minute(s)","None","Disabled","Disabled"
"RENDERMAN","\warroom_fetch_daily_Pantip_Cafe_id_18","1/1/2013 22:51:06","Could not start","Interactive only","1/1/2013 22:21:06","-2147023651","RENDERMAN\itteam","C:\Script\warroom_fetch_daily_Pantip_Cafe_id_18.bat ","N/A","N/A","Enabled","Disabled","Stop On Battery Mode, No Start On Batteries","RENDERMAN\itteam","Enabled","72:00:00","Scheduling data is not available in this format.","One Time Only, Minute ","20:51:06","21/12/2012","N/A","N/A","N/A","0 Hour(s), 30 Minute(s)","None","Disabled","Disabled"
"RENDERMAN","\warroom_fetch_daily_Pantip_Cafe_id_19","1/1/2013 22:56:54","Could not start","Interactive only","1/1/2013 22:26:54","-2147023651","RENDERMAN\itteam","C:\Script\warroom_fetch_daily_Pantip_Cafe_id_19.bat ","N/A","N/A","Enabled","Disabled","Stop On Battery Mode, No Start On Batteries","RENDERMAN\itteam","Enabled","72:00:00","Scheduling data is not available in this format.","One Time Only, Minute ","20:56:54","21/12/2012","N/A","N/A","N/A","0 Hour(s), 30 Minute(s)","None","Disabled","Disabled"
"RENDERMAN","\warroom_fetch_daily_Pantip_Cafe_id_20","1/1/2013 22:59:38","Could not start","Interactive only","1/1/2013 22:29:38","-2147023651","RENDERMAN\itteam","C:\Script\warroom_fetch_daily_Pantip_Cafe_id_20.bat ","N/A","N/A","Enabled","Disabled","Stop On Battery Mode, No Start On Batteries","RENDERMAN\itteam","Enabled","72:00:00","Scheduling data is not available in this format.","One Time Only, Minute ","20:59:38","21/12/2012","N/A","N/A","N/A","0 Hour(s), 30 Minute(s)","None","Disabled","Disabled"
"RENDERMAN","\warroom_fetch_daily_Pantip_Cafe_id_21","1/1/2013 23:03:01","Could not start","Interactive only","1/1/2013 22:33:01","-2147023651","RENDERMAN\itteam","C:\Script\warroom_fetch_daily_Pantip_Cafe_id_21.bat ","N/A","N/A","Enabled","Disabled","Stop On Battery Mode, No Start On Batteries","RENDERMAN\itteam","Enabled","72:00:00","Scheduling data is not available in this format.","One Time Only, Minute ","21:03:01","21/12/2012","N/A","N/A","N/A","0 Hour(s), 30 Minute(s)","None","Disabled","Disabled"
"RENDERMAN","\warroom_fetch_daily_Pantip_Cafe_id_22","1/1/2013 23:06:00","Could not start","Interactive only","1/1/2013 22:36:00","-2147023651","RENDERMAN\itteam","C:\Script\warroom_fetch_daily_Pantip_Cafe_id_22.bat ","N/A","N/A","Enabled","Disabled","Stop On Battery Mode, No Start On Batteries","RENDERMAN\itteam","Enabled","72:00:00","Scheduling data is not available in this format.","One Time Only, Minute ","21:06:00","21/12/2012","N/A","N/A","N/A","0 Hour(s), 30 Minute(s)","None","Disabled","Disabled"
"RENDERMAN","\warroom_fetch_daily_Pantip_Cafe_id_23","1/1/2013 23:12:01","Could not start","Interactive only","1/1/2013 22:42:01","-2147023651","RENDERMAN\itteam","C:\Script\warroom_fetch_daily_Pantip_Cafe_id_23.bat ","N/A","N/A","Enabled","Disabled","Stop On Battery Mode, No Start On Batteries","RENDERMAN\itteam","Enabled","72:00:00","Scheduling data is not available in this format.","One Time Only, Minute ","21:12:01","21/12/2012","N/A","N/A","N/A","0 Hour(s), 30 Minute(s)","None","Disabled","Disabled"
"RENDERMAN","\warroom_fetch_daily_Pantip_Cafe_id_24","1/1/2013 22:47:02","Could not start","Interactive only","1/1/2013 22:17:02","-2147023651","RENDERMAN\itteam","C:\Script\warroom_fetch_daily_Pantip_Cafe_id_24.bat ","N/A","N/A","Enabled","Disabled","Stop On Battery Mode, No Start On Batteries","RENDERMAN\itteam","Enabled","72:00:00","Scheduling data is not available in this format.","One Time Only, Minute ","21:17:02","21/12/2012","N/A","N/A","N/A","0 Hour(s), 30 Minute(s)","None","Disabled","Disabled"
"RENDERMAN","\warroom_fetch_daily_Pantip_Cafe_id_25","1/1/2013 22:53:05","Could not start","Interactive only","1/1/2013 22:23:05","-2147023651","RENDERMAN\itteam","C:\Script\warroom_fetch_daily_Pantip_Cafe_id_25.bat ","N/A","N/A","Enabled","Disabled","Stop On Battery Mode, No Start On Batteries","RENDERMAN\itteam","Enabled","72:00:00","Scheduling data is not available in this format.","One Time Only, Minute ","21:23:05","21/12/2012","N/A","N/A","N/A","0 Hour(s), 30 Minute(s)","None","Disabled","Disabled"
"RENDERMAN","\warroom_fetch_daily_Pantip_Cafe_id_26","1/1/2013 23:06:28","Could not start","Interactive only","1/1/2013 22:36:28","-2147023651","RENDERMAN\itteam","C:\Script\warroom_fetch_daily_Pantip_Cafe_id_26.bat ","N/A","N/A","Enabled","Disabled","Stop On Battery Mode, No Start On Batteries","RENDERMAN\itteam","Enabled","72:00:00","Scheduling data is not available in this format.","One Time Only, Minute ","21:36:28","21/12/2012","N/A","N/A","N/A","0 Hour(s), 30 Minute(s)","None","Disabled","Disabled"
"RENDERMAN","\warroom_fetch_daily_Pantip_Cafe_id_27","1/1/2013 22:58:45","Could not start","Interactive only","1/1/2013 22:28:45","-2147023651","RENDERMAN\itteam","C:\Script\warroom_fetch_daily_Pantip_Cafe_id_27.bat ","N/A","N/A","Enabled","Disabled","Stop On Battery Mode, No Start On Batteries","RENDERMAN\itteam","Enabled","72:00:00","Scheduling data is not available in this format.","One Time Only, Minute ","21:28:45","21/12/2012","N/A","N/A","N/A","0 Hour(s), 30 Minute(s)","None","Disabled","Disabled"
"RENDERMAN","\warroom_fetch_daily_Pantip_Cafe_id_28","1/1/2013 23:12:11","Could not start","Interactive only","1/1/2013 22:42:11","-2147023651","RENDERMAN\itteam","C:\Script\warroom_fetch_daily_Pantip_Cafe_id_28.bat ","N/A","N/A","Enabled","Disabled","Stop On Battery Mode, No Start On Batteries","RENDERMAN\itteam","Enabled","72:00:00","Scheduling data is not available in this format.","One Time Only, Minute ","21:42:11","21/12/2012","N/A","N/A","N/A","0 Hour(s), 30 Minute(s)","None","Disabled","Disabled"
"RENDERMAN","\warroom_fetch_daily_Pantip_Cafe_id_29","1/1/2013 22:44:05","Could not start","Interactive only","1/1/2013 22:14:05","-2147023651","RENDERMAN\itteam","C:\Script\warroom_fetch_daily_Pantip_Cafe_id_29.bat ","N/A","N/A","Enabled","Disabled","Stop On Battery Mode, No Start On Batteries","RENDERMAN\itteam","Enabled","72:00:00","Scheduling data is not available in this format.","One Time Only, Minute ","21:44:05","21/12/2012","N/A","N/A","N/A","0 Hour(s), 30 Minute(s)","None","Disabled","Disabled"
"RENDERMAN","\warroom_fetch_daily_Pantip_Cafe_id_30","1/1/2013 22:46:12","Could not start","Interactive only","1/1/2013 22:16:12","-2147023651","RENDERMAN\itteam","C:\Script\warroom_fetch_daily_Pantip_Cafe_id_30.bat ","N/A","N/A","Enabled","Disabled","Stop On Battery Mode, No Start On Batteries","RENDERMAN\itteam","Enabled","72:00:00","Scheduling data is not available in this format.","One Time Only, Minute ","21:46:12","21/12/2012","N/A","N/A","N/A","0 Hour(s), 30 Minute(s)","None","Disabled","Disabled"
"RENDERMAN","\warroom_fetch_daily_Pantip_Cafe_id_31","1/1/2013 22:52:49","Could not start","Interactive only","1/1/2013 22:22:49","-2147023651","RENDERMAN\itteam","C:\Script\warroom_fetch_daily_Pantip_Cafe_id_31.bat ","N/A","N/A","Enabled","Disabled","Stop On Battery Mode, No Start On Batteries","RENDERMAN\itteam","Enabled","72:00:00","Scheduling data is not available in this format.","One Time Only, Minute ","21:52:49","21/12/2012","N/A","N/A","N/A","0 Hour(s), 30 Minute(s)","None","Disabled","Disabled"
"RENDERMAN","\warroom_fetch_daily_Pantip_Cafe_id_32","1/1/2013 22:58:09","Could not start","Interactive only","1/1/2013 22:28:09","-2147023651","RENDERMAN\itteam","C:\Script\warroom_fetch_daily_Pantip_Cafe_id_32.bat ","N/A","N/A","Enabled","Disabled","Stop On Battery Mode, No Start On Batteries","RENDERMAN\itteam","Enabled","72:00:00","Scheduling data is not available in this format.","One Time Only, Minute ","21:58:09","21/12/2012","N/A","N/A","N/A","0 Hour(s), 30 Minute(s)","None","Disabled","Disabled"
"RENDERMAN","\warroom_fetch_daily_Pantip_Cafe_id_33","1/1/2013 23:04:22","Could not start","Interactive only","1/1/2013 22:34:22","-2147023651","RENDERMAN\itteam","C:\Script\warroom_fetch_daily_Pantip_Cafe_id_33.bat ","N/A","N/A","Enabled","Disabled","Stop On Battery Mode, No Start On Batteries","RENDERMAN\itteam","Enabled","72:00:00","Scheduling data is not available in this format.","One Time Only, Minute ","22:04:22","21/12/2012","N/A","N/A","N/A","0 Hour(s), 30 Minute(s)","None","Disabled","Disabled"
"RENDERMAN","\warroom_fetch_daily_Pantip_Tech_id_5","1/1/2013 23:06:09","Could not start","Interactive only","1/1/2013 22:36:09","-2147023651","RENDERMAN\itteam","C:\Script\warroom_fetch_daily_Pantip_Tech_id_5.bat ","N/A","N/A","Enabled","Disabled","Stop On Battery Mode, No Start On Batteries","RENDERMAN\itteam","Enabled","72:00:00","Scheduling data is not available in this format.","One Time Only, Minute ","22:06:09","21/12/2012","N/A","N/A","N/A","0 Hour(s), 30 Minute(s)","None","Disabled","Disabled"
"RENDERMAN","\warroom_fetch_daily_web_id_1","1/1/2013 22:55:00","Could not start","Interactive only","1/1/2013 22:25:00","-2147023651","RENDERMAN\itteam","C:\Script\warroom_fetch_daily_web_id_1.bat ","N/A","N/A","Enabled","Disabled","Stop On Battery Mode, No Start On Batteries","RENDERMAN\itteam","Enabled","72:00:00","Scheduling data is not available in this format.","One Time Only, Minute ","22:55:00","26/12/2012","N/A","N/A","N/A","0 Hour(s), 30 Minute(s)","None","Disabled","Disabled"
"RENDERMAN","\warroom_fetch_daily_web_id_2","1/1/2013 22:59:01","Could not start","Interactive only","1/1/2013 22:29:01","-2147023651","RENDERMAN\itteam","C:\Script\warroom_fetch_daily_web_id_2.bat ","N/A","N/A","Enabled","Disabled","Stop On Battery Mode, No Start On Batteries","RENDERMAN\itteam","Enabled","72:00:00","Scheduling data is not available in this format.","One Time Only, Minute ","22:59:01","26/12/2012","N/A","N/A","N/A","0 Hour(s), 30 Minute(s)","None","Disabled","Disabled"
"RENDERMAN","\warroom_fetch_daily_web_id_3","1/1/2013 23:04:07","Could not start","Interactive only","1/1/2013 22:34:07","-2147023651","RENDERMAN\itteam","C:\Script\warroom_fetch_daily_web_id_3.bat ","N/A","N/A","Enabled","Disabled","Stop On Battery Mode, No Start On Batteries","RENDERMAN\itteam","Enabled","72:00:00","Scheduling data is not available in this format.","One Time Only, Minute ","23:04:07","26/12/2012","N/A","N/A","N/A","0 Hour(s), 30 Minute(s)","None","Disabled","Disabled"
"RENDERMAN","\warroom_fetch_daily_web_id_35","1/1/2013 22:47:11","Could not start","Interactive only","1/1/2013 22:17:11","-2147023651","RENDERMAN\itteam","C:\Script\warroom_fetch_daily_web_id_35.bat ","N/A","N/A","Enabled","Disabled","Stop On Battery Mode, No Start On Batteries","RENDERMAN\itteam","Enabled","72:00:00","Scheduling data is not available in this format.","One Time Only, Minute ","21:17:11","27/12/2012","N/A","N/A","N/A","0 Hour(s), 30 Minute(s)","None","Disabled","Disabled"
"RENDERMAN","\warroom_fetch_daily_web_id_4","1/1/2013 23:11:05","Could not start","Interactive only","1/1/2013 22:41:05","-2147023651","RENDERMAN\itteam","C:\Script\warroom_fetch_daily_web_id_4.bat ","N/A","N/A","Enabled","Disabled","Stop On Battery Mode, No Start On Batteries","RENDERMAN\itteam","Enabled","72:00:00","Scheduling data is not available in this format.","One Time Only, Minute ","21:11:05","27/12/2012","N/A","N/A","N/A","0 Hour(s), 30 Minute(s)","None","Disabled","Disabled"
"RENDERMAN","\warroom_fetch_daily_web_id_40","1/1/2013 23:03:04","Could not start","Interactive only","1/1/2013 22:33:04","-2147023651","RENDERMAN\itteam","C:\Script\warroom_fetch_daily_web_id_40.bat ","N/A","N/A","Enabled","Disabled","Stop On Battery Mode, No Start On Batteries","RENDERMAN\itteam","Enabled","72:00:00","Scheduling data is not available in this format.","One Time Only, Minute ","23:33:04","26/12/2012","N/A","N/A","N/A","0 Hour(s), 30 Minute(s)","None","Disabled","Disabled"
"RENDERMAN","\warroom_fetch_daily_web_id_43","1/1/2013 23:08:19","Could not start","Interactive only","1/1/2013 22:38:19","-2147023651","RENDERMAN\itteam","C:\Script\warroom_fetch_daily_web_id_43.bat ","N/A","N/A","Enabled","Disabled","Stop On Battery Mode, No Start On Batteries","RENDERMAN\itteam","Enabled","72:00:00","Scheduling data is not available in this format.","One Time Only, Minute ","23:38:19","26/12/2012","N/A","N/A","N/A","0 Hour(s), 30 Minute(s)","None","Disabled","Disabled"
"RENDERMAN","\warroom_fetch_daily_web_id_44","1/1/2013 23:11:11","Could not start","Interactive only","1/1/2013 22:41:11","-2147023651","RENDERMAN\itteam","C:\Script\warroom_fetch_daily_web_id_44.bat ","N/A","N/A","Enabled","Disabled","Stop On Battery Mode, No Start On Batteries","RENDERMAN\itteam","Enabled","72:00:00","Scheduling data is not available in this format.","One Time Only, Minute ","23:41:11","26/12/2012","N/A","N/A","N/A","0 Hour(s), 30 Minute(s)","None","Disabled","Disabled"
"RENDERMAN","\warroom_fetch_daily_web_id_46","1/1/2013 22:49:15","Could not start","Interactive only","1/1/2013 22:19:15","-2147023651","RENDERMAN\itteam","C:\Script\warroom_fetch_daily_web_id_46.bat ","N/A","N/A","Enabled","Disabled","Stop On Battery Mode, No Start On Batteries","RENDERMAN\itteam","Enabled","72:00:00","Scheduling data is not available in this format.","One Time Only, Minute ","23:49:15","26/12/2012","N/A","N/A","N/A","0 Hour(s), 30 Minute(s)","None","Disabled","Disabled"
"RENDERMAN","\warroom_fetch_daily_web_id_48","1/1/2013 22:55:14","Could not start","Interactive only","1/1/2013 22:25:14","-2147023651","RENDERMAN\itteam","C:\Script\warroom_fetch_daily_web_id_48.bat ","N/A","N/A","Enabled","Disabled","Stop On Battery Mode, No Start On Batteries","RENDERMAN\itteam","Enabled","72:00:00","Scheduling data is not available in this format.","One Time Only, Minute ","23:55:14","26/12/2012","N/A","N/A","N/A","0 Hour(s), 30 Minute(s)","None","Disabled","Disabled"
"RENDERMAN","\warroom_fetch_daily_web_id_51","1/1/2013 22:55:04","Could not start","Interactive only","1/1/2013 21:55:04","-2147023651","RENDERMAN\itteam","C:\Script\warroom_fetch_daily_web_id_51.bat ","N/A","N/A","Enabled","Disabled","Stop On Battery Mode, No Start On Batteries","RENDERMAN\itteam","Enabled","72:00:00","Scheduling data is not available in this format.","One Time Only, Hourly ","21:55:04","27/12/2012","N/A","N/A","N/A","1 Hour(s), 0 Minute(s)","None","Disabled","Disabled"
"RENDERMAN","\warroom_fetch_daily_web_id_6","1/1/2013 23:08:02","Could not start","Interactive only","1/1/2013 22:38:02","-2147023651","RENDERMAN\itteam","C:\Script\warroom_fetch_daily_web_id_6.bat ","N/A","N/A","Enabled","Disabled","Stop On Battery Mode, No Start On Batteries","RENDERMAN\itteam","Enabled","72:00:00","Scheduling data is not available in this format.","One Time Only, Minute ","23:08:02","26/12/2012","N/A","N/A","N/A","0 Hour(s), 30 Minute(s)","None","Disabled","Disabled"
"RENDERMAN","\warroom_fetch_daily_web_id_7","1/1/2013 23:12:12","Could not start","Interactive only","1/1/2013 22:42:12","-2147023651","RENDERMAN\itteam","C:\Script\warroom_fetch_daily_web_id_7.bat ","N/A","N/A","Enabled","Disabled","Stop On Battery Mode, No Start On Batteries","RENDERMAN\itteam","Enabled","72:00:00","Scheduling data is not available in this format.","One Time Only, Minute ","23:12:12","26/12/2012","N/A","N/A","N/A","0 Hour(s), 30 Minute(s)","None","Disabled","Disabled"
"RENDERMAN","\warroom_fetch_daily_web_id_8","1/1/2013 22:47:11","Could not start","Interactive only","1/1/2013 22:17:11","-2147023651","RENDERMAN\itteam","C:\Script\warroom_fetch_daily_web_id_8.bat ","N/A","N/A","Enabled","Disabled","Stop On Battery Mode, No Start On Batteries","RENDERMAN\itteam","Enabled","72:00:00","Scheduling data is not available in this format.","One Time Only, Minute ","23:17:11","26/12/2012","N/A","N/A","N/A","0 Hour(s), 30 Minute(s)","None","Disabled","Disabled"
"RENDERMAN","\warroom_get_root_pantip1","1/1/2013 22:50:51","Ready","Interactive/Background","1/1/2013 22:40:51","0","RENDERMAN\itteam","C:\Script\warroom_get_root_pantip.bat ","N/A","N/A","Enabled","Disabled","Stop On Battery Mode, No Start On Batteries","RENDERMAN\taskbot","Enabled","72:00:00","Scheduling data is not available in this format.","One Time Only, Minute ","N/A","N/A","N/A","N/A","N/A","0 Hour(s), 10 Minute(s)","None","Disabled","Disabled"
"RENDERMAN","\warroom_get_root_tech1","1/1/2013 22:46:01","Could not start","Interactive/Background","1/1/2013 22:36:01","-2147023651","RENDERMAN\itteam","C:\Script\warroom_get_root_tech1.bat ","N/A","N/A","Enabled","Disabled","Stop On Battery Mode, No Start On Batteries","RENDERMAN\taskbot","Enabled","72:00:00","Scheduling data is not available in this format.","One Time Only, Minute ","N/A","N/A","N/A","N/A","N/A","0 Hour(s), 10 Minute(s)","None","Disabled","Disabled"
"RENDERMAN","\warroom_reindex_matcher2","1/1/2013 23:10:01","Running","Interactive/Background","1/1/2013 22:40:00","267009","RENDERMAN\itteam","C:\Script\warroom_reindex_and_matcher.bat ","N/A","N/A","Enabled","Disabled","Stop On Battery Mode, No Start On Batteries","RENDERMAN\taskbot","Enabled","72:00:00","Scheduling data is not available in this format.","One Time Only, Minute ","20:40:01","21/12/2012","N/A","N/A","N/A","0 Hour(s), 30 Minute(s)","None","Disabled","Disabled"
"HostName","TaskName","Next Run Time","Status","Logon Mode","Last Run Time","Last Result","Author","Task To Run","Start In","Comment","Scheduled Task State","Idle Time","Power Management","Run As User","Delete Task If Not Rescheduled","Stop Task If Runs X Hours and X Mins","Schedule","Schedule Type","Start Time","Start Date","End Date","Days","Months","Repeat: Every","Repeat: Until: Time","Repeat: Until: Duration","Repeat: Stop If Still Running"
"RENDERMAN","\Apple\AppleSoftwareUpdate","2/1/2013 08:32:00","Ready","Interactive/Background","26/12/2012 08:32:00","0","N/A","C:\Program Files (x86)\Apple Software Update\SoftwareUpdate.exe -task","N/A","N/A","Enabled","Disabled","Stop On Battery Mode, No Start On Batteries","Users","Enabled","72:00:00","Scheduling data is not available in this format.","Weekly","08:32:00","13/1/2012","N/A","WED","Every 1 week(s)","Disabled","Disabled","Disabled","Disabled"
"HostName","TaskName","Next Run Time","Status","Logon Mode","Last Run Time","Last Result","Author","Task To Run","Start In","Comment","Scheduled Task State","Idle Time","Power Management","Run As User","Delete Task If Not Rescheduled","Stop Task If Runs X Hours and X Mins","Schedule","Schedule Type","Start Time","Start Date","End Date","Days","Months","Repeat: Every","Repeat: Until: Time","Repeat: Until: Duration","Repeat: Stop If Still Running"
"HostName","TaskName","Next Run Time","Status","Logon Mode","Last Run Time","Last Result","Author","Task To Run","Start In","Comment","Scheduled Task State","Idle Time","Power Management","Run As User","Delete Task If Not Rescheduled","Stop Task If Runs X Hours and X Mins","Schedule","Schedule Type","Start Time","Start Date","End Date","Days","Months","Repeat: Every","Repeat: Until: Time","Repeat: Until: Duration","Repeat: Stop If Still Running"
"HostName","TaskName","Next Run Time","Status","Logon Mode","Last Run Time","Last Result","Author","Task To Run","Start In","Comment","Scheduled Task State","Idle Time","Power Management","Run As User","Delete Task If Not Rescheduled","Stop Task If Runs X Hours and X Mins","Schedule","Schedule Type","Start Time","Start Date","End Date","Days","Months","Repeat: Every","Repeat: Until: Time","Repeat: Until: Duration","Repeat: Stop If Still Running"
"RENDERMAN","\Microsoft\Windows\Active Directory Rights Management Services Client\AD RMS Rights Policy Template Management (Automated)","Disabled","","Interactive/Background","N/A","1","Microsoft Corporation","COM handler","N/A","Updates the AD RMS rights policy templates for the user. This job does not provide a credential prompt if authentication to the template distribution web service on the server fails. In this case, it fails silently.","Disabled","Disabled","","Everyone","Disabled","01:00:00","Scheduling data is not available in this format.","Daily ","03:00:00","9/11/2006","N/A","Every 1 day(s)","N/A","Disabled","Disabled","Disabled","Disabled"
"RENDERMAN","\Microsoft\Windows\Active Directory Rights Management Services Client\AD RMS Rights Policy Template Management (Automated)","Disabled","","Interactive/Background","N/A","1","Microsoft Corporation","COM handler","N/A","Updates the AD RMS rights policy templates for the user. This job does not provide a credential prompt if authentication to the template distribution web service on the server fails. In this case, it fails silently.","Disabled","Disabled","","Everyone","Disabled","01:00:00","Scheduling data is not available in this format.","At logon time","N/A","N/A","N/A","N/A","N/A","N/A","N/A","N/A","N/A"
"RENDERMAN","\Microsoft\Windows\Active Directory Rights Management Services Client\AD RMS Rights Policy Template Management (Manual)","N/A","Ready","Interactive/Background","N/A","1","Microsoft Corporation","COM handler","N/A","Updates the AD RMS rights policy templates for the user. This job provides a credential prompt if authentication to the template distribution web service on the server fails.","Enabled","Disabled","Stop On Battery Mode, No Start On Batteries","Everyone","Enabled","01:00:00","Scheduling data is not available in this format.","At logon time","N/A","N/A","N/A","N/A","N/A","N/A","N/A","N/A","N/A"
"HostName","TaskName","Next Run Time","Status","Logon Mode","Last Run Time","Last Result","Author","Task To Run","Start In","Comment","Scheduled Task State","Idle Time","Power Management","Run As User","Delete Task If Not Rescheduled","Stop Task If Runs X Hours and X Mins","Schedule","Schedule Type","Start Time","Start Date","End Date","Days","Months","Repeat: Every","Repeat: Until: Time","Repeat: Until: Duration","Repeat: Stop If Still Running"
"RENDERMAN","\Microsoft\Windows\AppID\PolicyConverter","Disabled","","Interactive/Background","N/A","1","Microsoft Corporation","%windir%\system32\appidpolicyconverter.exe ","N/A","Converts the software restriction policies policy from XML into binary format.","Disabled","Disabled","","LOCAL SERVICE","Disabled","72:00:00","Scheduling data is not available in this format.","On demand only","N/A","N/A","N/A","N/A","N/A","N/A","N/A","N/A","N/A"
"RENDERMAN","\Microsoft\Windows\AppID\VerifiedPublisherCertStoreCheck","Disabled","","Interactive/Background","N/A","1","Microsoft Corporation","%windir%\system32\appidcertstorecheck.exe ","N/A","Inspects the AppID certificate cache for invalid or revoked certificates.","Disabled","Only Start If Idle for 3 minutes, If Not Idle Retry For 1380 minutes Stop the task if Idle State end","Stop On Battery Mode, No Start On Batteries","LOCAL SERVICE","Disabled","72:00:00","Scheduling data is not available in this format.","At system start up","N/A","N/A","N/A","N/A","N/A","N/A","N/A","N/A","N/A"
"HostName","TaskName","Next Run Time","Status","Logon Mode","Last Run Time","Last Result","Author","Task To Run","Start In","Comment","Scheduled Task State","Idle Time","Power Management","Run As User","Delete Task If Not Rescheduled","Stop Task If Runs X Hours and X Mins","Schedule","Schedule Type","Start Time","Start Date","End Date","Days","Months","Repeat: Every","Repeat: Until: Time","Repeat: Until: Duration","Repeat: Stop If Still Running"
"RENDERMAN","\Microsoft\Windows\Application Experience\AitAgent","2/1/2013 02:30:00","Ready","Interactive/Background","1/1/2013 02:30:00","0","Microsoft Corporation","aitagent ","N/A","Aggregates and uploads Application Telemetry information if opted-in to the Microsoft Customer Experience Improvement Program.","Enabled","Only Start If Idle for 3 minutes, If Not Idle Retry For 1320 minutes Stop the task if Idle State end","Stop On Battery Mode, No Start On Batteries","SYSTEM","Enabled","72:00:00","Scheduling data is not available in this format.","Daily ","02:30:00","8/10/2007","N/A","Every 1 day(s)","N/A","Disabled","Disabled","Disabled","Disabled"
"RENDERMAN","\Microsoft\Windows\Application Experience\ProgramDataUpdater","2/1/2013 00:30:00","Ready","Interactive/Background","1/1/2013 00:52:54","0","Microsoft Corporation","%windir%\system32\rundll32.exe aepdu.dll,AePduRunUpdate","N/A","Collects program telemetry information if opted-in to the Microsoft Customer Experience Improvement Program","Enabled","Only Start If Idle for 3 minutes, If Not Idle Retry For 1380 minutes Stop the task if Idle State end","Stop On Battery Mode, No Start On Batteries","SYSTEM","Enabled","72:00:00","Scheduling data is not available in this format.","Daily ","00:30:00","8/10/2007","N/A","Every 1 day(s)","N/A","Disabled","Disabled","Disabled","Disabled"
"HostName","TaskName","Next Run Time","Status","Logon Mode","Last Run Time","Last Result","Author","Task To Run","Start In","Comment","Scheduled Task State","Idle Time","Power Management","Run As User","Delete Task If Not Rescheduled","Stop Task If Runs X Hours and X Mins","Schedule","Schedule Type","Start Time","Start Date","End Date","Days","Months","Repeat: Every","Repeat: Until: Time","Repeat: Until: Duration","Repeat: Stop If Still Running"
"RENDERMAN","\Microsoft\Windows\Autochk\Proxy","N/A","Ready","Interactive/Background","31/12/2012 17:34:36","0","Microsoft Corporation","%windir%\system32\rundll32.exe /d acproxy.dll,PerformAutochkOperations","N/A","This task collects and uploads autochk SQM data if opted-in to the Microsoft Customer Experience Improvement Program.","Enabled","Only Start If Idle for 10 minutes, If Not Idle Retry For 525600 minutes","","LOCAL SERVICE","Enabled","72:00:00","Scheduling data is not available in this format.","At system start up","N/A","N/A","N/A","N/A","N/A","N/A","N/A","N/A","N/A"
"HostName","TaskName","Next Run Time","Status","Logon Mode","Last Run Time","Last Result","Author","Task To Run","Start In","Comment","Scheduled Task State","Idle Time","Power Management","Run As User","Delete Task If Not Rescheduled","Stop Task If Runs X Hours and X Mins","Schedule","Schedule Type","Start Time","Start Date","End Date","Days","Months","Repeat: Every","Repeat: Until: Time","Repeat: Until: Duration","Repeat: Stop If Still Running"
"RENDERMAN","\Microsoft\Windows\CertificateServicesClient\SystemTask","N/A","Ready","Interactive/Background","1/1/2013 22:16:13","0","Microsoft Corporation","COM handler","N/A","Certificate Services Client automatically manages digital identities such as Certificates, Keys and Credentials for the users and the machine, enabling enrollment, roaming and other services.","Enabled","Disabled","Stop On Battery Mode","SYSTEM","Enabled","Disabled","Scheduling data is not available in this format.","When an event occurs","N/A","N/A","N/A","N/A","N/A","N/A","N/A","N/A","N/A"
"RENDERMAN","\Microsoft\Windows\CertificateServicesClient\SystemTask","N/A","Ready","Interactive/Background","1/1/2013 22:16:13","0","Microsoft Corporation","COM handler","N/A","Certificate Services Client automatically manages digital identities such as Certificates, Keys and Credentials for the users and the machine, enabling enrollment, roaming and other services.","Enabled","Disabled","Stop On Battery Mode","SYSTEM","Enabled","Disabled","Scheduling data is not available in this format.","At system start up","N/A","N/A","N/A","N/A","N/A","N/A","N/A","N/A","N/A"
"RENDERMAN","\Microsoft\Windows\CertificateServicesClient\SystemTask","N/A","Ready","Interactive/Background","1/1/2013 22:16:13","0","Microsoft Corporation","COM handler","N/A","Certificate Services Client automatically manages digital identities such as Certificates, Keys and Credentials for the users and the machine, enabling enrollment, roaming and other services.","Enabled","Disabled","Stop On Battery Mode","SYSTEM","Enabled","Disabled","Scheduling data is not available in this format.","At system start up","N/A","N/A","N/A","N/A","N/A","N/A","N/A","N/A","N/A"
"RENDERMAN","\Microsoft\Windows\CertificateServicesClient\UserTask","N/A","Ready","Interactive/Background","1/1/2013 22:32:50","0","Microsoft Corporation","COM handler","N/A","Certificate Services Client automatically manages digital identities such as Certificates, Keys and Credentials for the users and the machine, enabling enrollment, roaming and other services.","Enabled","Disabled","Stop On Battery Mode","INTERACTIVE","Enabled","Disabled","Scheduling data is not available in this format.","When an event occurs","N/A","N/A","N/A","N/A","N/A","N/A","N/A","N/A","N/A"
"RENDERMAN","\Microsoft\Windows\CertificateServicesClient\UserTask","N/A","Ready","Interactive/Background","1/1/2013 22:32:50","0","Microsoft Corporation","COM handler","N/A","Certificate Services Client automatically manages digital identities such as Certificates, Keys and Credentials for the users and the machine, enabling enrollment, roaming and other services.","Enabled","Disabled","Stop On Battery Mode","INTERACTIVE","Enabled","Disabled","Scheduling data is not available in this format.","At system start up","N/A","N/A","N/A","N/A","N/A","N/A","N/A","N/A","N/A"
"RENDERMAN","\Microsoft\Windows\CertificateServicesClient\UserTask","N/A","Ready","Interactive/Background","1/1/2013 22:32:50","0","Microsoft Corporation","COM handler","N/A","Certificate Services Client automatically manages digital identities such as Certificates, Keys and Credentials for the users and the machine, enabling enrollment, roaming and other services.","Enabled","Disabled","Stop On Battery Mode","INTERACTIVE","Enabled","Disabled","Scheduling data is not available in this format.","At logon time","N/A","N/A","N/A","N/A","N/A","N/A","N/A","N/A","N/A"
"RENDERMAN","\Microsoft\Windows\CertificateServicesClient\UserTask-Roam","Disabled","","Interactive/Background","N/A","1","Microsoft Corporation","COM handler","N/A","Certificate Services Client automatically manages digital identities such as Certificates, Keys and Credentials for the users and the machine, enabling enrollment, roaming and other services.","Disabled","Disabled","Stop On Battery Mode, No Start On Batteries","INTERACTIVE","Disabled","Disabled","Scheduling data is not available in this format.","When an event occurs","N/A","N/A","N/A","N/A","N/A","N/A","N/A","N/A","N/A"
"RENDERMAN","\Microsoft\Windows\CertificateServicesClient\UserTask-Roam","Disabled","","Interactive/Background","N/A","1","Microsoft Corporation","COM handler","N/A","Certificate Services Client automatically manages digital identities such as Certificates, Keys and Credentials for the users and the machine, enabling enrollment, roaming and other services.","Disabled","Disabled","Stop On Battery Mode, No Start On Batteries","INTERACTIVE","Disabled","Disabled","Scheduling data is not available in this format.","When an event occurs","N/A","N/A","N/A","N/A","N/A","N/A","N/A","N/A","N/A"
"HostName","TaskName","Next Run Time","Status","Logon Mode","Last Run Time","Last Result","Author","Task To Run","Start In","Comment","Scheduled Task State","Idle Time","Power Management","Run As User","Delete Task If Not Rescheduled","Stop Task If Runs X Hours and X Mins","Schedule","Schedule Type","Start Time","Start Date","End Date","Days","Months","Repeat: Every","Repeat: Until: Time","Repeat: Until: Duration","Repeat: Stop If Still Running"
"RENDERMAN","\Microsoft\Windows\Customer Experience Improvement Program\Consolidator","2/1/2013 14:00:00","Could not start","Interactive/Background","1/1/2013 19:00:00","-2147479295","Microsoft Corporation","%SystemRoot%\System32\wsqmcons.exe ","N/A","If the user has consented to participate in the Windows Customer Experience Improvement Program, this job collects and sends usage data to Microsoft.","Enabled","Disabled","","SYSTEM","Enabled","72:00:00","Scheduling data is not available in this format.","One Time Only, Hourly ","00:00:00","2/1/2004","N/A","N/A","N/A","19 Hour(s), 0 Minute(s)","None","Disabled","Disabled"
"RENDERMAN","\Microsoft\Windows\Customer Experience Improvement Program\KernelCeipTask","3/1/2013 03:30:00","Ready","Interactive/Background","29/12/2012 23:39:09","0","Microsoft Corporation","COM handler","N/A","The Kernel CEIP (Customer Experience Improvement Program) task collects additional information about the system and sends this data to Microsoft.  If the user has not consented to participate in Windows CEIP, this task does nothing.","Enabled","Only Start If Idle for 3 minutes, If Not Idle Retry For 1020 minutes","No Start On Batteries","LOCAL SERVICE","Enabled","72:00:00","Scheduling data is not available in this format.","Weekly","03:30:00","1/9/2008","N/A","THU","Every 1 week(s)","Disabled","Disabled","Disabled","Disabled"
"RENDERMAN","\Microsoft\Windows\Customer Experience Improvement Program\UsbCeip","2/1/2013 01:30:00","Ready","Interactive/Background","30/12/2012 01:30:00","0","Microsoft Corporation","COM handler","N/A","The USB CEIP (Customer Experience Improvement Program) task collects Universal Serial Bus related statistics and information about your machine and sends it to the Windows Device Connectivity engineering group at Microsoft.  The information received is ","Enabled","Disabled","Stop On Battery Mode, No Start On Batteries","LOCAL SERVICE","Enabled","72:00:00","Scheduling data is not available in this format.","Daily ","01:30:00","25/4/2008","N/A","Every 3 day(s)","N/A","Disabled","Disabled","Disabled","Disabled"
"HostName","TaskName","Next Run Time","Status","Logon Mode","Last Run Time","Last Result","Author","Task To Run","Start In","Comment","Scheduled Task State","Idle Time","Power Management","Run As User","Delete Task If Not Rescheduled","Stop Task If Runs X Hours and X Mins","Schedule","Schedule Type","Start Time","Start Date","End Date","Days","Months","Repeat: Every","Repeat: Until: Time","Repeat: Until: Duration","Repeat: Stop If Still Running"
"RENDERMAN","\Microsoft\Windows\Customer Experience Improvement Program\Server\ServerCeipAssistant","2/1/2013 02:43:57","Could not start","Interactive/Background","31/12/2012 13:20:42","-2133393396","Microsoft Corporation","%windir%\system32\ceipdata.exe ","N/A","This task is part of the Windows Server Customer Experience Improvement Program.  Please do not manually delete this task.  Please see http://go.microsoft.com/fwlink/?linkid=52095 for more information.","Enabled","Disabled","Stop On Battery Mode, No Start On Batteries","SYSTEM","Enabled","01:00:00","Scheduling data is not available in this format.","One Time Only, Hourly ","02:38:10","2/1/2013","N/A","N/A","N/A","6 Hour(s), 0 Minute(s)","None","Disabled","Disabled"
"RENDERMAN","\Microsoft\Windows\Customer Experience Improvement Program\Server\ServerRoleCollector","3/1/2013 00:59:17","Ready","Interactive/Background","27/12/2012 00:36:55","0","Microsoft Corporation","%windir%\system32\ceiprole.exe ","N/A","This task is part of the Windows Server Customer Experience Improvement Program.  Please do not manually delete this task.  Please see http://go.microsoft.com/fwlink/?linkid=52095 for more information.","Enabled","Disabled","Stop On Battery Mode, No Start On Batteries","SYSTEM","Enabled","72:00:00","Scheduling data is not available in this format.","Daily ","00:30:00","1/1/2004","N/A","Every 7 day(s)","N/A","Disabled","Disabled","Disabled","Disabled"
"RENDERMAN","\Microsoft\Windows\Customer Experience Improvement Program\Server\ServerRoleUsageCollector","2/1/2013 06:31:54","Could not start","Interactive/Background","31/12/2012 11:06:31","-2133393396","Microsoft Corporation","%windir%\system32\ceipdata.exe -roleusage","N/A","This task is part of the Windows Server Customer Experience Improvement Program.  Please do not manually delete this task.  Please see http://go.microsoft.com/fwlink/?linkid=52095 for more information.","Enabled","Disabled","Stop On Battery Mode, No Start On Batteries","SYSTEM","Enabled","01:00:00","Scheduling data is not available in this format.","One Time Only, Hourly ","00:16:59","2/1/2013","N/A","N/A","N/A","12 Hour(s), 0 Minute(s)","None","Disabled","Disabled"
"HostName","TaskName","Next Run Time","Status","Logon Mode","Last Run Time","Last Result","Author","Task To Run","Start In","Comment","Scheduled Task State","Idle Time","Power Management","Run As User","Delete Task If Not Rescheduled","Stop Task If Runs X Hours and X Mins","Schedule","Schedule Type","Start Time","Start Date","End Date","Days","Months","Repeat: Every","Repeat: Until: Time","Repeat: Until: Duration","Repeat: Stop If Still Running"
"RENDERMAN","\Microsoft\Windows\Defrag\ScheduledDefrag","5/1/2013 04:00:00","Ready","Interactive/Background","31/12/2012 17:27:36","0","Microsoft Corporation","%windir%\system32\defrag.exe \\?\Volume{b0564c9f-dc45-11df-ae83-1c6f65325df9}\ \\?\Volume{83f05c5e-dc3c-11df-9a16-806e6f6e6963}\","N/A","This task defragments the computers hard disk drives.","Enabled","Only Start If Idle for 3 minutes, If Not Idle Retry For 10080 minutes Stop the task if Idle State end","Stop On Battery Mode, No Start On Batteries","SYSTEM","Enabled","72:00:00","Scheduling data is not available in this format.","Weekly","04:00:00","19/3/2011","N/A","SAT","Every 1 week(s)","Disabled","Disabled","Disabled","Disabled"
"HostName","TaskName","Next Run Time","Status","Logon Mode","Last Run Time","Last Result","Author","Task To Run","Start In","Comment","Scheduled Task State","Idle Time","Power Management","Run As User","Delete Task If Not Rescheduled","Stop Task If Runs X Hours and X Mins","Schedule","Schedule Type","Start Time","Start Date","End Date","Days","Months","Repeat: Every","Repeat: Until: Time","Repeat: Until: Duration","Repeat: Stop If Still Running"
"RENDERMAN","\Microsoft\Windows\DiskDiagnostic\Microsoft-Windows-DiskDiagnosticDataCollector","Disabled","","Interactive/Background","19/11/2010 13:30:52","0","Microsoft Corporation","%windir%\system32\rundll32.exe dfdts.dll,DfdGetDefaultPolicyAndSMART","N/A","The Windows Disk Diagnostic reports general disk and system information to Microsoft for users participating in the Customer Experience Program.","Disabled","Only Start If Idle for  minutes, If Not Idle Retry For  minutes","No Start On Batteries","SYSTEM","Disabled","72:00:00","Scheduling data is not available in this format.","Weekly","01:00:00","1/1/2004","N/A","SUN","Every 2 week(s)","Disabled","Disabled","Disabled","Disabled"
"RENDERMAN","\Microsoft\Windows\DiskDiagnostic\Microsoft-Windows-DiskDiagnosticResolver","Disabled","","Interactive/Background","N/A","1","Microsoft Corporation","%windir%\system32\DFDWiz.exe ","N/A","The Microsoft-Windows-DiskDiagnosticResolver warns users about faults reported by hard disks that support the Self Monitoring and Reporting Technology (S.M.A.R.T.) standard. This task is triggered automatically by the Diagnostic Policy Service when a S.","Disabled","Disabled","","Users","Disabled","72:00:00","Scheduling data is not available in this format.","At logon time","N/A","N/A","N/A","N/A","N/A","N/A","N/A","N/A","N/A"
"HostName","TaskName","Next Run Time","Status","Logon Mode","Last Run Time","Last Result","Author","Task To Run","Start In","Comment","Scheduled Task State","Idle Time","Power Management","Run As User","Delete Task If Not Rescheduled","Stop Task If Runs X Hours and X Mins","Schedule","Schedule Type","Start Time","Start Date","End Date","Days","Months","Repeat: Every","Repeat: Until: Time","Repeat: Until: Duration","Repeat: Stop If Still Running"
"RENDERMAN","\Microsoft\Windows\MemoryDiagnostic\CorruptionDetector","N/A","Ready","Interactive/Background","N/A","1","Microsoft Corporation","COM handler","N/A","Task for launching the Memory Diagnostic","Enabled","Disabled","","Users","Enabled","72:00:00","Scheduling data is not available in this format.","When an event occurs","N/A","N/A","N/A","N/A","N/A","N/A","N/A","N/A","N/A"
"RENDERMAN","\Microsoft\Windows\MemoryDiagnostic\DecompressionFailureDetector","N/A","Ready","Interactive/Background","N/A","1","Microsoft Corporation","COM handler","N/A","Task for launching the Memory Diagnostic","Enabled","Disabled","","Users","Enabled","72:00:00","Scheduling data is not available in this format.","When an event occurs","N/A","N/A","N/A","N/A","N/A","N/A","N/A","N/A","N/A"
"HostName","TaskName","Next Run Time","Status","Logon Mode","Last Run Time","Last Result","Author","Task To Run","Start In","Comment","Scheduled Task State","Idle Time","Power Management","Run As User","Delete Task If Not Rescheduled","Stop Task If Runs X Hours and X Mins","Schedule","Schedule Type","Start Time","Start Date","End Date","Days","Months","Repeat: Every","Repeat: Until: Time","Repeat: Until: Duration","Repeat: Stop If Still Running"
"RENDERMAN","\Microsoft\Windows\MUI\LPRemove","N/A","Unknown","Interactive/Background","31/12/2012 17:34:36","0","Microsoft Corporation","%windir%\system32\lpremove.exe ","N/A","Launch language cleanup tool","Enabled","Only Start If Idle for 10 minutes, If Not Idle Retry For 10 minutes Stop the task if Idle State end","No Start On Batteries","SYSTEM","Enabled","09:00:00","Scheduling data is not available in this format.","At system start up","N/A","N/A","N/A","N/A","N/A","N/A","N/A","N/A","N/A"
"HostName","TaskName","Next Run Time","Status","Logon Mode","Last Run Time","Last Result","Author","Task To Run","Start In","Comment","Scheduled Task State","Idle Time","Power Management","Run As User","Delete Task If Not Rescheduled","Stop Task If Runs X Hours and X Mins","Schedule","Schedule Type","Start Time","Start Date","End Date","Days","Months","Repeat: Every","Repeat: Until: Time","Repeat: Until: Duration","Repeat: Stop If Still Running"
"RENDERMAN","\Microsoft\Windows\Multimedia\SystemSoundsService","N/A","Running","Interactive/Background","1/1/2013 22:32:50","267009","N/A","COM handler","N/A","System Sounds User Mode Agent","Enabled","Disabled","","Users","Enabled","Disabled","Scheduling data is not available in this format.","At logon time","N/A","N/A","N/A","N/A","N/A","N/A","N/A","N/A","N/A"
"HostName","TaskName","Next Run Time","Status","Logon Mode","Last Run Time","Last Result","Author","Task To Run","Start In","Comment","Scheduled Task State","Idle Time","Power Management","Run As User","Delete Task If Not Rescheduled","Stop Task If Runs X Hours and X Mins","Schedule","Schedule Type","Start Time","Start Date","End Date","Days","Months","Repeat: Every","Repeat: Until: Time","Repeat: Until: Duration","Repeat: Stop If Still Running"
"RENDERMAN","\Microsoft\Windows\NetTrace\GatherNetworkInfo","N/A","Ready","Interactive/Background","N/A","1","Microsoft","%windir%\system32\gatherNetworkInfo.vbs ","$(Arg1)","Network information collector","Enabled","Disabled","Stop On Battery Mode","Users","Enabled","72:00:00","Scheduling data is not available in this format.","On demand only","N/A","N/A","N/A","N/A","N/A","N/A","N/A","N/A","N/A"
"HostName","TaskName","Next Run Time","Status","Logon Mode","Last Run Time","Last Result","Author","Task To Run","Start In","Comment","Scheduled Task State","Idle Time","Power Management","Run As User","Delete Task If Not Rescheduled","Stop Task If Runs X Hours and X Mins","Schedule","Schedule Type","Start Time","Start Date","End Date","Days","Months","Repeat: Every","Repeat: Until: Time","Repeat: Until: Duration","Repeat: Stop If Still Running"
"RENDERMAN","\Microsoft\Windows\Offline Files\Background Synchronization","Disabled","","Interactive/Background","N/A","1","Microsoft Corporation","COM handler","N/A","This task controls periodic background synchronization of Offline Files when the user is working in an offline mode.","Disabled","Disabled","","Authenticated Users","Disabled","24:00:00","Scheduling data is not available in this format.","One Time Only, Hourly ","00:00:00","1/1/2008","N/A","N/A","N/A","6 Hour(s), 0 Minute(s)","None","Disabled","Disabled"
"RENDERMAN","\Microsoft\Windows\Offline Files\Logon Synchronization","Disabled","","Interactive/Background","N/A","1","Microsoft Corporation","COM handler","N/A","This task initiates synchronization of Offline Files when a user logs onto the system.","Disabled","Disabled","Stop On Battery Mode, No Start On Batteries","Authenticated Users","Disabled","24:00:00","Scheduling data is not available in this format.","At logon time","N/A","N/A","N/A","N/A","N/A","N/A","N/A","N/A","N/A"
"HostName","TaskName","Next Run Time","Status","Logon Mode","Last Run Time","Last Result","Author","Task To Run","Start In","Comment","Scheduled Task State","Idle Time","Power Management","Run As User","Delete Task If Not Rescheduled","Stop Task If Runs X Hours and X Mins","Schedule","Schedule Type","Start Time","Start Date","End Date","Days","Months","Repeat: Every","Repeat: Until: Time","Repeat: Until: Duration","Repeat: Stop If Still Running"
"HostName","TaskName","Next Run Time","Status","Logon Mode","Last Run Time","Last Result","Author","Task To Run","Start In","Comment","Scheduled Task State","Idle Time","Power Management","Run As User","Delete Task If Not Rescheduled","Stop Task If Runs X Hours and X Mins","Schedule","Schedule Type","Start Time","Start Date","End Date","Days","Months","Repeat: Every","Repeat: Until: Time","Repeat: Until: Duration","Repeat: Stop If Still Running"
"RENDERMAN","\Microsoft\Windows\Power Efficiency Diagnostics\AnalyzeSystem","8/1/2013 13:03:49","Ready","Interactive/Background","29/12/2012 23:41:09","0","Microsoft Corporation","%SystemRoot%\System32\powercfg.exe -energy -auto","N/A","This job analyzes the system looking for conditions that may cause high energy use.","Enabled","Only Start If Idle for 5 minutes, If Not Idle Retry For 120 minutes","","SYSTEM","Enabled","00:05:00","Scheduling data is not available in this format.","Daily ","06:00:00","1/1/2008","N/A","Every 14 day(s)","N/A","Disabled","Disabled","Disabled","Disabled"
"HostName","TaskName","Next Run Time","Status","Logon Mode","Last Run Time","Last Result","Author","Task To Run","Start In","Comment","Scheduled Task State","Idle Time","Power Management","Run As User","Delete Task If Not Rescheduled","Stop Task If Runs X Hours and X Mins","Schedule","Schedule Type","Start Time","Start Date","End Date","Days","Months","Repeat: Every","Repeat: Until: Time","Repeat: Until: Duration","Repeat: Stop If Still Running"
"RENDERMAN","\Microsoft\Windows\RAC\RacTask","1/1/2013 23:03:48","Ready","Interactive/Background","N/A","1","Microsoft Corporation","COM handler","N/A","Microsoft Reliability Analysis task to process system reliability data.","Enabled","Disabled","","LOCAL SERVICE","Enabled","Disabled","Scheduling data is not available in this format.","When an event occurs","N/A","N/A","N/A","N/A","N/A","N/A","N/A","N/A","N/A"
"RENDERMAN","\Microsoft\Windows\RAC\RacTask","1/1/2013 23:09:25","Ready","Interactive/Background","N/A","1","Microsoft Corporation","COM handler","N/A","Microsoft Reliability Analysis task to process system reliability data.","Enabled","Disabled","","LOCAL SERVICE","Enabled","Disabled","Scheduling data is not available in this format.","One Time Only, Hourly ","00:00:00","31/3/2008","N/A","N/A","N/A","1 Hour(s), 0 Minute(s)","None","Disabled","Disabled"
"HostName","TaskName","Next Run Time","Status","Logon Mode","Last Run Time","Last Result","Author","Task To Run","Start In","Comment","Scheduled Task State","Idle Time","Power Management","Run As User","Delete Task If Not Rescheduled","Stop Task If Runs X Hours and X Mins","Schedule","Schedule Type","Start Time","Start Date","End Date","Days","Months","Repeat: Every","Repeat: Until: Time","Repeat: Until: Duration","Repeat: Stop If Still Running"
"RENDERMAN","\Microsoft\Windows\Ras\MobilityManager","N/A","Ready","Interactive/Background","N/A","1","Microsoft Corporation","COM handler","N/A","Provides support for the switching of mobility enabled VPN connections if their underlying interface goes down.","Enabled","Disabled","","LOCAL SERVICE","Enabled","72:00:00","Scheduling data is not available in this format.","When an event occurs","N/A","N/A","N/A","N/A","N/A","N/A","N/A","N/A","N/A"
"HostName","TaskName","Next Run Time","Status","Logon Mode","Last Run Time","Last Result","Author","Task To Run","Start In","Comment","Scheduled Task State","Idle Time","Power Management","Run As User","Delete Task If Not Rescheduled","Stop Task If Runs X Hours and X Mins","Schedule","Schedule Type","Start Time","Start Date","End Date","Days","Months","Repeat: Every","Repeat: Until: Time","Repeat: Until: Duration","Repeat: Stop If Still Running"
"RENDERMAN","\Microsoft\Windows\Registry\RegIdleBackup","4/1/2013 00:51:01","Ready","Interactive/Background","29/12/2012 23:39:09","0","Microsoft Corporation","COM handler","N/A","Registry Idle Backup Task","Enabled","Only Start If Idle for 3 minutes, If Not Idle Retry For 1380 minutes Stop the task if Idle State end","","SYSTEM","Enabled","Disabled","Scheduling data is not available in this format.","Daily ","00:00:00","1/1/2008","N/A","Every 10 day(s)","N/A","Disabled","Disabled","Disabled","Disabled"
"HostName","TaskName","Next Run Time","Status","Logon Mode","Last Run Time","Last Result","Author","Task To Run","Start In","Comment","Scheduled Task State","Idle Time","Power Management","Run As User","Delete Task If Not Rescheduled","Stop Task If Runs X Hours and X Mins","Schedule","Schedule Type","Start Time","Start Date","End Date","Days","Months","Repeat: Every","Repeat: Until: Time","Repeat: Until: Duration","Repeat: Stop If Still Running"
"RENDERMAN","\Microsoft\Windows\Server Manager\ServerManager","N/A","Ready","Interactive/Background","1/1/2013 22:32:50","0","Microsoft Corporation","%windir%\system32\ServerManagerLauncher.exe ","N/A","Task for launching Initial Configuration Tasks or Server Manager at logon.","Enabled","Disabled","Stop On Battery Mode","Administrators","Enabled","Disabled","Scheduling data is not available in this format.","At logon time","N/A","N/A","N/A","N/A","N/A","N/A","N/A","N/A","N/A"
"HostName","TaskName","Next Run Time","Status","Logon Mode","Last Run Time","Last Result","Author","Task To Run","Start In","Comment","Scheduled Task State","Idle Time","Power Management","Run As User","Delete Task If Not Rescheduled","Stop Task If Runs X Hours and X Mins","Schedule","Schedule Type","Start Time","Start Date","End Date","Days","Months","Repeat: Every","Repeat: Until: Time","Repeat: Until: Duration","Repeat: Stop If Still Running"
"RENDERMAN","\Microsoft\Windows\SideShow\AutoWake","Disabled","","Interactive/Background","N/A","1","Microsoft Corporation","COM handler","N/A","This task automatically wakes the computer and then puts it to sleep when automatic wake is turned on for a Windows SideShow-compatible device.","Disabled","Disabled","","LOCAL SERVICE","Disabled","Disabled","Scheduling data is not available in this format.","At logon time","N/A","N/A","N/A","N/A","N/A","N/A","N/A","N/A","N/A"
"RENDERMAN","\Microsoft\Windows\SideShow\GadgetManager","N/A","Ready","Interactive/Background","N/A","1","Microsoft Corporation","COM handler","N/A","This task manages and synchronizes metadata for the installed gadgets on a Windows SideShow-compatible device.","Enabled","Disabled","","Users","Enabled","72:00:00","Scheduling data is not available in this format.","At logon time","N/A","N/A","N/A","N/A","N/A","N/A","N/A","N/A","N/A"
"RENDERMAN","\Microsoft\Windows\SideShow\SessionAgent","Disabled","Could not start","Interactive/Background","27/10/2010 21:42:22","-2147023729","Microsoft Corporation","COM handler","N/A","This task manages the session behavior when multiple user accounts exist on a Windows SideShow-compatible device.","Disabled","Disabled","","Users","Disabled","Disabled","Scheduling data is not available in this format.","At logon time","N/A","N/A","N/A","N/A","N/A","N/A","N/A","N/A","N/A"
"RENDERMAN","\Microsoft\Windows\SideShow\SystemDataProviders","Disabled","Could not start","Interactive/Background","27/10/2010 21:42:37","-2147023729","Microsoft Corporation","COM handler","N/A","This task provides system data for the clock, power source, wireless network strength, and volume on a Windows SideShow-compatible device.","Disabled","Disabled","","LOCAL SERVICE","Disabled","Disabled","Scheduling data is not available in this format.","At logon time","N/A","N/A","N/A","N/A","N/A","N/A","N/A","N/A","N/A"
"HostName","TaskName","Next Run Time","Status","Logon Mode","Last Run Time","Last Result","Author","Task To Run","Start In","Comment","Scheduled Task State","Idle Time","Power Management","Run As User","Delete Task If Not Rescheduled","Stop Task If Runs X Hours and X Mins","Schedule","Schedule Type","Start Time","Start Date","End Date","Days","Months","Repeat: Every","Repeat: Until: Time","Repeat: Until: Duration","Repeat: Stop If Still Running"
"RENDERMAN","\Microsoft\Windows\SoftwareProtectionPlatform\SvcRestartTask","Disabled","","Interactive/Background","N/A","1","Microsoft Corporation","sc.exe start sppsvc","N/A","This task restarts the Software Protection Platform service at the specified time","Disabled","Disabled","","NETWORK SERVICE","Disabled","Disabled","Scheduling data is not available in this format.","Daily ","00:00:00","1/1/2004","N/A","Every 1 day(s)","N/A","Disabled","Disabled","Disabled","Disabled"
"HostName","TaskName","Next Run Time","Status","Logon Mode","Last Run Time","Last Result","Author","Task To Run","Start In","Comment","Scheduled Task State","Idle Time","Power Management","Run As User","Delete Task If Not Rescheduled","Stop Task If Runs X Hours and X Mins","Schedule","Schedule Type","Start Time","Start Date","End Date","Days","Months","Repeat: Every","Repeat: Until: Time","Repeat: Until: Duration","Repeat: Stop If Still Running"
"RENDERMAN","\Microsoft\Windows\Task Manager\Interactive","N/A","Ready","Interactive/Background","N/A","1","Microsoft Corporation","COM handler","N/A","Runs a task as the interactive user.","Enabled","Disabled","","INTERACTIVE","Enabled","Disabled","Scheduling data is not available in this format.","On demand only","N/A","N/A","N/A","N/A","N/A","N/A","N/A","N/A","N/A"
"HostName","TaskName","Next Run Time","Status","Logon Mode","Last Run Time","Last Result","Author","Task To Run","Start In","Comment","Scheduled Task State","Idle Time","Power Management","Run As User","Delete Task If Not Rescheduled","Stop Task If Runs X Hours and X Mins","Schedule","Schedule Type","Start Time","Start Date","End Date","Days","Months","Repeat: Every","Repeat: Until: Time","Repeat: Until: Duration","Repeat: Stop If Still Running"
"RENDERMAN","\Microsoft\Windows\Tcpip\IpAddressConflict1","N/A","Ready","Interactive/Background","N/A","1","Microsoft Corporation","%windir%\system32\rundll32.exe ndfapi.dll,NdfRunDllDuplicateIPOffendingSystem","N/A","This event is triggered when an IP address conflict is detected.","Enabled","Disabled","Stop On Battery Mode, No Start On Batteries","Users","Enabled","72:00:00","Scheduling data is not available in this format.","When an event occurs","N/A","N/A","N/A","N/A","N/A","N/A","N/A","N/A","N/A"
"RENDERMAN","\Microsoft\Windows\Tcpip\IpAddressConflict2","N/A","Ready","Interactive/Background","N/A","1","Microsoft Corporation","%windir%\system32\rundll32.exe ndfapi.dll,NdfRunDllDuplicateIPDefendingSystem","N/A","This event is triggered when an IP address conflict is detected.","Enabled","Disabled","Stop On Battery Mode, No Start On Batteries","Users","Enabled","72:00:00","Scheduling data is not available in this format.","When an event occurs","N/A","N/A","N/A","N/A","N/A","N/A","N/A","N/A","N/A"
"HostName","TaskName","Next Run Time","Status","Logon Mode","Last Run Time","Last Result","Author","Task To Run","Start In","Comment","Scheduled Task State","Idle Time","Power Management","Run As User","Delete Task If Not Rescheduled","Stop Task If Runs X Hours and X Mins","Schedule","Schedule Type","Start Time","Start Date","End Date","Days","Months","Repeat: Every","Repeat: Until: Time","Repeat: Until: Duration","Repeat: Stop If Still Running"
"RENDERMAN","\Microsoft\Windows\TextServicesFramework\MsCtfMonitor","N/A","Running","Interactive/Background","1/1/2013 22:32:50","267009","N/A","COM handler","N/A","TextServicesFramework monitor task","Enabled","Disabled","","Users","Enabled","Disabled","Scheduling data is not available in this format.","At logon time","N/A","N/A","N/A","N/A","N/A","N/A","N/A","N/A","N/A"
"HostName","TaskName","Next Run Time","Status","Logon Mode","Last Run Time","Last Result","Author","Task To Run","Start In","Comment","Scheduled Task State","Idle Time","Power Management","Run As User","Delete Task If Not Rescheduled","Stop Task If Runs X Hours and X Mins","Schedule","Schedule Type","Start Time","Start Date","End Date","Days","Months","Repeat: Every","Repeat: Until: Time","Repeat: Until: Duration","Repeat: Stop If Still Running"
"RENDERMAN","\Microsoft\Windows\Time Synchronization\SynchronizeTime","6/1/2013 01:00:00","Ready","Interactive/Background","31/12/2012 01:00:00","0","Microsoft Corporation","%windir%\system32\sc.exe start w32time task_started","N/A","Maintains date and time synchronization on all clients and servers in the network. If this service is stopped, date and time synchronization will be unavailable. If this service is disabled, any services that explicitly depend on it will fail to start.","Enabled","Disabled","Stop On Battery Mode","LOCAL SERVICE","Enabled","72:00:00","Scheduling data is not available in this format.","Weekly","01:00:00","1/1/2005","N/A","SUN","Every 1 week(s)","Disabled","Disabled","Disabled","Disabled"
"HostName","TaskName","Next Run Time","Status","Logon Mode","Last Run Time","Last Result","Author","Task To Run","Start In","Comment","Scheduled Task State","Idle Time","Power Management","Run As User","Delete Task If Not Rescheduled","Stop Task If Runs X Hours and X Mins","Schedule","Schedule Type","Start Time","Start Date","End Date","Days","Months","Repeat: Every","Repeat: Until: Time","Repeat: Until: Duration","Repeat: Stop If Still Running"
"RENDERMAN","\Microsoft\Windows\UPnP\UPnPHostConfig","N/A","Ready","Interactive/Background","N/A","1","Microsoft","sc.exe config upnphost start= auto","N/A","Set UPnPHost service to Auto-Start","Enabled","Disabled","Stop On Battery Mode, No Start On Batteries","SYSTEM","Enabled","72:00:00","Scheduling data is not available in this format.","On demand only","N/A","N/A","N/A","N/A","N/A","N/A","N/A","N/A","N/A"
"HostName","TaskName","Next Run Time","Status","Logon Mode","Last Run Time","Last Result","Author","Task To Run","Start In","Comment","Scheduled Task State","Idle Time","Power Management","Run As User","Delete Task If Not Rescheduled","Stop Task If Runs X Hours and X Mins","Schedule","Schedule Type","Start Time","Start Date","End Date","Days","Months","Repeat: Every","Repeat: Until: Time","Repeat: Until: Duration","Repeat: Stop If Still Running"
"RENDERMAN","\Microsoft\Windows\User Profile Service\HiveUploadTask","Disabled","","Interactive/Background","N/A","1","Microsoft Corporation","COM handler","N/A","This task will automatically upload a roaming user profile's registry hive to its network location.","Disabled","Only Start If Idle for 10 minutes, If Not Idle Retry For 120 minutes","Stop On Battery Mode","SYSTEM","Disabled","72:00:00","Scheduling data is not available in this format.","One Time Only, Hourly ","00:00:00","28/8/2007","N/A","N/A","N/A","12 Hour(s), 0 Minute(s)","None","Disabled","Disabled"
"HostName","TaskName","Next Run Time","Status","Logon Mode","Last Run Time","Last Result","Author","Task To Run","Start In","Comment","Scheduled Task State","Idle Time","Power Management","Run As User","Delete Task If Not Rescheduled","Stop Task If Runs X Hours and X Mins","Schedule","Schedule Type","Start Time","Start Date","End Date","Days","Months","Repeat: Every","Repeat: Until: Time","Repeat: Until: Duration","Repeat: Stop If Still Running"
"RENDERMAN","\Microsoft\Windows\WDI\ResolutionHost","N/A","Ready","Interactive/Background","N/A","1","Microsoft Corporation","COM handler","N/A","The Windows Diagnostic Infrastructure Resolution host enables interactive resolutions for system problems detected by the Diagnostic Policy Service. It is triggered when necessary by the Diagnostic Policy Service in the appropriate user session. If the ","Enabled","Disabled","","INTERACTIVE","Enabled","Disabled","Scheduling data is not available in this format.","On demand only","N/A","N/A","N/A","N/A","N/A","N/A","N/A","N/A","N/A"
"HostName","TaskName","Next Run Time","Status","Logon Mode","Last Run Time","Last Result","Author","Task To Run","Start In","Comment","Scheduled Task State","Idle Time","Power Management","Run As User","Delete Task If Not Rescheduled","Stop Task If Runs X Hours and X Mins","Schedule","Schedule Type","Start Time","Start Date","End Date","Days","Months","Repeat: Every","Repeat: Until: Time","Repeat: Until: Duration","Repeat: Stop If Still Running"
"RENDERMAN","\Microsoft\Windows\Windows Activation Technologies\ValidationTask","19/1/2554 05:30:24","Ready","Interactive/Background","21/10/2010 12:29:54","0","Microsoft Corporation","%SystemRoot%\system32\Wat\WatAdminSvc.exe /run","N/A","Microsoft Update KB971033","Enabled","Only Start If Idle for 5 minutes, If Not Idle Retry For 14340 minutes","","LOCAL SERVICE","Enabled","Disabled","Scheduling data is not available in this format.","Daily ","05:30:24","19/1/2554","N/A","Every 90 day(s)","N/A","Disabled","Disabled","Disabled","Disabled"
"RENDERMAN","\Microsoft\Windows\Windows Activation Technologies\ValidationTaskDeadline","29/1/2554 05:30:24","Ready","Interactive/Background","N/A","1","Microsoft Corporation","%SystemRoot%\system32\schtasks.exe /run /I /TN "\Microsoft\Windows\Windows Activation Technologies\ValidationTask"","N/A","Microsoft Update KB971033","Enabled","Disabled","","LOCAL SERVICE","Enabled","Disabled","Scheduling data is not available in this format.","Daily ","05:30:24","29/1/2554","N/A","Every 90 day(s)","N/A","Disabled","Disabled","Disabled","Disabled"
"HostName","TaskName","Next Run Time","Status","Logon Mode","Last Run Time","Last Result","Author","Task To Run","Start In","Comment","Scheduled Task State","Idle Time","Power Management","Run As User","Delete Task If Not Rescheduled","Stop Task If Runs X Hours and X Mins","Schedule","Schedule Type","Start Time","Start Date","End Date","Days","Months","Repeat: Every","Repeat: Until: Time","Repeat: Until: Duration","Repeat: Stop If Still Running"
"RENDERMAN","\Microsoft\Windows\Windows Error Reporting\QueueReporting","N/A","Ready","Interactive/Background","1/1/2013 22:31:10","0","Microsoft Corporation","%windir%\system32\wermgr.exe -queuereporting","N/A","Windows Error Reporting task to process queued reports.","Enabled","Disabled","","Users","Enabled","72:00:00","Scheduling data is not available in this format.","At logon time","N/A","N/A","N/A","N/A","N/A","N/A","N/A","N/A","N/A"
"HostName","TaskName","Next Run Time","Status","Logon Mode","Last Run Time","Last Result","Author","Task To Run","Start In","Comment","Scheduled Task State","Idle Time","Power Management","Run As User","Delete Task If Not Rescheduled","Stop Task If Runs X Hours and X Mins","Schedule","Schedule Type","Start Time","Start Date","End Date","Days","Months","Repeat: Every","Repeat: Until: Time","Repeat: Until: Duration","Repeat: Stop If Still Running"
"RENDERMAN","\Microsoft\Windows\Windows Filtering Platform\BfeOnServiceStartTypeChange","N/A","Ready","Interactive/Background","N/A","1","Microsoft Corporation","%windir%\system32\rundll32.exe bfe.dll,BfeOnServiceStartTypeChange","N/A","This task adjusts the start type for firewall-triggered services when the start type of the Base Filtering Engine (BFE) is disabled.","Enabled","Disabled","","SYSTEM","Enabled","72:00:00","Scheduling data is not available in this format.","When an event occurs","N/A","N/A","N/A","N/A","N/A","N/A","N/A","N/A","N/A"
"HostName","TaskName","Next Run Time","Status","Logon Mode","Last Run Time","Last Result","Author","Task To Run","Start In","Comment","Scheduled Task State","Idle Time","Power Management","Run As User","Delete Task If Not Rescheduled","Stop Task If Runs X Hours and X Mins","Schedule","Schedule Type","Start Time","Start Date","End Date","Days","Months","Repeat: Every","Repeat: Until: Time","Repeat: Until: Duration","Repeat: Stop If Still Running"
"RENDERMAN","\Microsoft\Windows\WindowsColorSystem\Calibration Loader","Disabled","","Interactive/Background","14/7/2009 12:06:48","0","Microsoft Corporation","COM handler","N/A","This task applies color calibration settings.","Disabled","Disabled","","Users","Disabled","Disabled","Scheduling data is not available in this format.","At logon time","N/A","N/A","N/A","N/A","N/A","N/A","N/A","N/A","N/A"
"RENDERMAN","\Microsoft\Windows\WindowsColorSystem\Calibration Loader","Disabled","","Interactive/Background","14/7/2009 12:06:48","0","Microsoft Corporation","COM handler","N/A","This task applies color calibration settings.","Disabled","Disabled","","Users","Disabled","Disabled","Scheduling data is not available in this format.","When an event occurs","N/A","N/A","N/A","N/A","N/A","N/A","N/A","N/A","N/A"
"HostName","TaskName","Next Run Time","Status","Logon Mode","Last Run Time","Last Result","Author","Task To Run","Start In","Comment","Scheduled Task State","Idle Time","Power Management","Run As User","Delete Task If Not Rescheduled","Stop Task If Runs X Hours and X Mins","Schedule","Schedule Type","Start Time","Start Date","End Date","Days","Months","Repeat: Every","Repeat: Until: Time","Repeat: Until: Duration","Repeat: Stop If Still Running"
"RENDERMAN","\Microsoft\Windows Defender\MP Scheduled Scan","2/1/2013 05:30:00","Ready","Interactive/Background","N/A","1","N/A","c:\program files\windows defender\MpCmdRun.exe Scan -ScheduleJob -WinTask -RestrictPrivilegesScan","N/A","Scheduled Scan","Enabled","Only Start If Idle for 1 minutes, If Not Idle Retry For 240 minutes","No Start On Batteries","SYSTEM","Enabled","72:00:00","Scheduling data is not available in this format.","Daily ","05:30:00","1/1/2000","1/1/2100","Every 1 day(s)","N/A","Disabled","Disabled","Disabled","Disabled"
"HostName","TaskName","Next Run Time","Status","Logon Mode","Last Run Time","Last Result","Author","Task To Run","Start In","Comment","Scheduled Task State","Idle Time","Power Management","Run As User","Delete Task If Not Rescheduled","Stop Task If Runs X Hours and X Mins","Schedule","Schedule Type","Start Time","Start Date","End Date","Days","Months","Repeat: Every","Repeat: Until: Time","Repeat: Until: Duration","Repeat: Stop If Still Running"
"HostName","TaskName","Next Run Time","Status","Logon Mode","Last Run Time","Last Result","Author","Task To Run","Start In","Comment","Scheduled Task State","Idle Time","Power Management","Run As User","Delete Task If Not Rescheduled","Stop Task If Runs X Hours and X Mins","Schedule","Schedule Type","Start Time","Start Date","End Date","Days","Months","Repeat: Every","Repeat: Until: Time","Repeat: Until: Duration","Repeat: Stop If Still Running"
"RENDERMAN","\Microsoft\Windows Live\SOXE\Extractor Definitions Update Task","12/1/2013 07:49:46","Unknown","Interactive/Background","1/1/2013 22:33:09","0","Microsoft Corporation","COM handler","N/A","Updates the definition file for the Windows Live Social Object Extractor Engine","Enabled","Disabled","Stop On Battery Mode, No Start On Batteries","INTERACTIVE","Enabled","01:00:00","Scheduling data is not available in this format.","Daily ","18:42:38","21/3/2010","N/A","Every 7 day(s)","N/A","Disabled","Disabled","Disabled","Disabled"
"RENDERMAN","\Microsoft\Windows Live\SOXE\Extractor Definitions Update Task","13/1/2013 13:47:16","Unknown","Interactive/Background","1/1/2013 22:33:09","0","Microsoft Corporation","COM handler","N/A","Updates the definition file for the Windows Live Social Object Extractor Engine","Enabled","Disabled","Stop On Battery Mode, No Start On Batteries","INTERACTIVE","Enabled","01:00:00","Scheduling data is not available in this format.","At logon time","N/A","N/A","N/A","N/A","N/A","N/A","N/A","N/A","N/A"
"HostName","TaskName","Next Run Time","Status","Logon Mode","Last Run Time","Last Result","Author","Task To Run","Start In","Comment","Scheduled Task State","Idle Time","Power Management","Run As User","Delete Task If Not Rescheduled","Stop Task If Runs X Hours and X Mins","Schedule","Schedule Type","Start Time","Start Date","End Date","Days","Months","Repeat: Every","Repeat: Until: Time","Repeat: Until: Duration","Repeat: Stop If Still Running"
"RENDERMAN","\WPD\SqmUpload_S-1-5-21-258061626-143506040-1405602576-1000","2/1/2013 12:26:01","Ready","Interactive only","28/10/2011 12:44:11","0","Microsoft Corporation","%windir%\system32\rundll32.exe portabledeviceapi.dll,#1","N/A","This task uploads Customer Experience Improvement Program (CEIP) data for Portable Devices","Enabled","Only Start If Idle for 10 minutes, If Not Idle Retry For 1380 minutes","No Start On Batteries","RENDERMAN\watcharachai","Enabled","00:15:00","Scheduling data is not available in this format.","Daily ","12:00:00","1/1/2008","2/5/2015","Every 1 day(s)","N/A","Disabled","Disabled","Disabled","Disabled"
"RENDERMAN","\WPD\SqmUpload_S-1-5-21-258061626-143506040-1405602576-1001","2/1/2013 12:49:08","Ready","Interactive only","24/4/2011 12:05:55","0","Microsoft Corporation","%windir%\system32\rundll32.exe portabledeviceapi.dll,#1","N/A","This task uploads Customer Experience Improvement Program (CEIP) data for Portable Devices","Enabled","Only Start If Idle for 10 minutes, If Not Idle Retry For 1380 minutes","No Start On Batteries","RENDERMAN\knightbaron","Enabled","00:15:00","Scheduling data is not available in this format.","Daily ","12:00:00","1/1/2008","2/5/2015","Every 1 day(s)","N/A","Disabled","Disabled","Disabled","Disabled"
"RENDERMAN","\WPD\SqmUpload_S-1-5-21-258061626-143506040-1405602576-500","2/1/2013 12:36:16","Ready","Interactive only","31/12/2012 12:08:21","0","Microsoft Corporation","%windir%\system32\rundll32.exe portabledeviceapi.dll,#1","N/A","This task uploads Customer Experience Improvement Program (CEIP) data for Portable Devices","Enabled","Only Start If Idle for 10 minutes, If Not Idle Retry For 1380 minutes","No Start On Batteries","RENDERMAN\Administrator","Enabled","00:15:00","Scheduling data is not available in this format.","Daily ","12:00:00","1/1/2008","2/5/2015","Every 1 day(s)","N/A","Disabled","Disabled","Disabled","Disabled"
